{
  "project_info": {
    "project_number": "144895096128",
    "project_id": "virtualshootingsimulator",
    "storage_bucket": "virtualshootingsimulator.firebasestorage.app"
  },
  "client": [
    {
      "client_info": {
        "mobilesdk_app_id": "1:144895096128:android:9ee3a9b9ec43d2803c36a5",
        "android_client_info": {
          "package_name": "com.virtualshootingsimulator.firebasedb"
        }
      },
      "oauth_client": [],
      "api_key": [
        {
          "current_key": "AIzaSyAXFn9q1jTEpVAGTsQu2LC2QUGcoMERu8Q"
        }
      ],
      "services": {
        "appinvite_service": {
          "other_platform_oauth_client": []
        }
      }
    }
  ],
  "configuration_version": "1"
}